{
  "IsEncrypted": false,
  "Values": {
    "WEBSITE_SLOT_NAME": "Production",
    "FUNCTIONS_EXTENSION_VERSION": "~1",
    "ScmType": "None",
    "WEBSITE_AUTH_ENABLED": "False",
    "REMOTEDEBUGGINGVERSION": "15.0.28307.222",
    "FUNCTIONS_RUNTIME_SCALE_MONITORING_ENABLED": "0",
    "APPINSIGHTS_INSTRUMENTATIONKEY": "20dc0c29-7b5b-4807-a2e3-973ce7b61993",
    "AzureWebJobsDashboard": "DefaultEndpointsProtocol=https;AccountName=dvnhackblobstorage;AccountKey=oJLnmrtaP4aAYDqPznjApRg5FED4ju7QIdmKtSDGMMP+2Sv8v81NcRyNToxRN2ldIgrFSfNd+ryWuSrVbdUimQ==",
    "WEBSITE_CONTENTAZUREFILECONNECTIONSTRING": "DefaultEndpointsProtocol=https;AccountName=dvnhackblobstorage;AccountKey=oJLnmrtaP4aAYDqPznjApRg5FED4ju7QIdmKtSDGMMP+2Sv8v81NcRyNToxRN2ldIgrFSfNd+ryWuSrVbdUimQ==",
    "WEBSITE_CONTENTSHARE": "pipecountv1",
    "WEBSITE_AUTH_AUTO_AAD": "False",
    "WEBSITE_SITE_NAME": "PipeCountV1",
    "WEBSITE_AUTH_LOGOUT_PATH": "/.auth/logout",
    "AzureWebJobsStorage": "DefaultEndpointsProtocol=https;AccountName=dvnhackblobstorage;AccountKey=oJLnmrtaP4aAYDqPznjApRg5FED4ju7QIdmKtSDGMMP+2Sv8v81NcRyNToxRN2ldIgrFSfNd+ryWuSrVbdUimQ=="
  }
}