{"schemaVersion":"1.0","appDefinitionTemplate":{"id":"/providers/Microsoft.PowerApps/apps/","type":"Microsoft.PowerApps/apps","tags":{"minimumRequiredApiVersion":"2.2.0"},"properties":{"appVersion":"2019-10-29T20:20:58Z","lifeCycleId":"Published","createdByClientVersion":{"major":3,"minor":19102,"build":22,"revision":0,"majorRevision":0,"minorRevision":0},"minClientVersion":{"major":3,"minor":19102,"build":22,"revision":0,"majorRevision":0,"minorRevision":0},"backgroundColor":"rgba(0, 176, 240, 1)","backgroundImageUri":"/16111848679717535337/N3032db9a-22fa-438a-9a79-cdc4b7d0f25a-logoSmallFile","displayName":"PipeCount_V2","description":"","commitMessage":"","appUris":{"documentUri":{"value":"/16111848679717535337/N7f1e87c4-5621-48b5-90bb-0c7bf032ec03-document.msapp","readonlyValue":"/16111848679717535337/N7f1e87c4-5621-48b5-90bb-0c7bf032ec03-document.msapp"},"imageUris":[]},"createdTime":"0001-01-01T00:00:00Z","lastModifiedTime":"0001-01-01T00:00:00Z","sharedGroupsCount":0,"sharedUsersCount":0,"icons":{"smallIconUri":"/16111848679717535337/N010a3f03-5341-4c72-b47f-064d7223f611-small.png","mediumIconUri":"/16111848679717535337/N599b223e-a9f6-449c-9eb8-73df0d37609f-medium.png","largeIconUri":"/16111848679717535337/Ndeb0eff7-5fa3-460e-ae62-8f573ca0029a-large.png","wideIconUri":"/16111848679717535337/N2cbdc6fe-a409-4548-a831-84c7a38889f7-wide.png"},"connectionReferences":{"5a32b1f2-805b-4c7f-a7f9-30d80618c83a":{"id":"bc8a3348-d9c3-4387-89b9-2394ce4a2ca9","displayName":"SQL Server","iconUri":"https://connectoricons-prod.azureedge.net/sql/icon_1.0.1276.1744.png","dataSources":["[dbo].[PipeCount]"],"dependencies":[],"dependents":[],"parameterHints":{},"isOnPremiseConnection":false,"sharedConnectionId":"4d64f193-5ada-473d-bd77-8536a39e4941","bypassConsent":false,"dataSets":{"default":{"dataSources":{"[dbo].[PipeCount]":{"tableName":"[dbo].[PipeCount]"}}}},"apiTier":"Premium","isCustomApiConnection":false}},"authorizationReferences":[{"resourceId":"powerbi"}],"databaseReferences":{},"almMode":"Environment","performanceOptimizationEnabled":false},"isAppComponentLibrary":false,"appComponents":[]}}